{"cameraMode":{"drawMode":0,"name":"Shaded","section":"Shading Mode"},"sceneLighting":false,"audioPlay":false,"sceneViewState":{"m_AlwaysRefresh":false,"showFog":true,"showSkybox":false,"showFlares":true,"showImageEffects":true,"showParticleSystems":true,"showVisualEffectGraphs":true,"m_FxEnabled":true},"in2DMode":false,"pivot":{"x":-0.25885438919067385,"y":1.1475178003311158,"z":0.11564332246780396},"rotation":{"x":-0.007595777977257967,"y":-0.976717472076416,"z":0.03517382591962814,"w":-0.21185365319252015},"size":0.6958926916122437,"orthographic":false}