{"cameraMode":{"drawMode":0,"name":"Shaded","section":"Shading Mode"},"sceneLighting":false,"audioPlay":false,"sceneViewState":{"m_AlwaysRefresh":false,"showFog":true,"showSkybox":false,"showFlares":true,"showImageEffects":true,"showParticleSystems":true,"showVisualEffectGraphs":true,"m_FxEnabled":true},"in2DMode":false,"pivot":{"x":-0.9227621555328369,"y":1.9269049167633057,"z":2.2976696491241457},"rotation":{"x":-0.15885592997074128,"y":0.3720835745334625,"z":-0.06501821428537369,"w":-0.9122644066810608},"size":0.30775344371795657,"orthographic":false}