{"cameraMode":{"drawMode":0,"name":"Shaded","section":"Shading Mode"},"sceneLighting":false,"audioPlay":false,"sceneViewState":{"m_AlwaysRefresh":false,"showFog":true,"showSkybox":false,"showFlares":true,"showImageEffects":true,"showParticleSystems":true,"showVisualEffectGraphs":true,"m_FxEnabled":true},"in2DMode":false,"pivot":{"x":-0.8799692392349243,"y":1.6487231254577637,"z":4.098834991455078},"rotation":{"x":-0.013266313821077347,"y":-0.9854015707969666,"z":0.1443757712841034,"w":-0.08982153981924057},"size":0.25980767607688906,"orthographic":false}