{"cameraMode":{"drawMode":0,"name":"Shaded","section":"Shading Mode"},"sceneLighting":false,"audioPlay":false,"sceneViewState":{"m_AlwaysRefresh":false,"showFog":true,"showSkybox":false,"showFlares":true,"showImageEffects":true,"showParticleSystems":true,"showVisualEffectGraphs":true,"m_FxEnabled":true},"in2DMode":false,"pivot":{"x":-8.940696716308594e-8,"y":0.4266037344932556,"z":0.002439439296722412},"rotation":{"x":0.05577636510133743,"y":-0.021300924941897394,"z":0.0011664341436699033,"w":0.998301088809967},"size":0.5713527798652649,"orthographic":false}